{
  "hash": "de690d26",
  "configHash": "21881601",
  "lockfileHash": "9fc69f1c",
  "browserHash": "e07f66a3",
  "optimized": {
    "@angular/common": {
      "src": "../../../../../../node_modules/@angular/common/fesm2022/common.mjs",
      "file": "@angular_common.js",
      "fileHash": "dff0bd92",
      "needsInterop": false
    },
    "@angular/core": {
      "src": "../../../../../../node_modules/@angular/core/fesm2022/core.mjs",
      "file": "@angular_core.js",
      "fileHash": "495bcad0",
      "needsInterop": false
    },
    "@angular/forms": {
      "src": "../../../../../../node_modules/@angular/forms/fesm2022/forms.mjs",
      "file": "@angular_forms.js",
      "fileHash": "39a57083",
      "needsInterop": false
    },
    "@angular/platform-browser": {
      "src": "../../../../../../node_modules/@angular/platform-browser/fesm2022/platform-browser.mjs",
      "file": "@angular_platform-browser.js",
      "fileHash": "28a0387d",
      "needsInterop": false
    },
    "@angular/router": {
      "src": "../../../../../../node_modules/@angular/router/fesm2022/router.mjs",
      "file": "@angular_router.js",
      "fileHash": "31037038",
      "needsInterop": false
    },
    "rxjs": {
      "src": "../../../../../../node_modules/rxjs/dist/esm5/index.js",
      "file": "rxjs.js",
      "fileHash": "65a87073",
      "needsInterop": false
    }
  },
  "chunks": {
    "chunk-HGUDVXM4": {
      "file": "chunk-HGUDVXM4.js"
    },
    "chunk-WLLDT2T5": {
      "file": "chunk-WLLDT2T5.js"
    },
    "chunk-XKNOTNU5": {
      "file": "chunk-XKNOTNU5.js"
    },
    "chunk-SESUV4G6": {
      "file": "chunk-SESUV4G6.js"
    }
  }
}